,ID,Reason for Absence,Date,Transportation Expense,Distance to Work,Age,Daily Work Load Average,Body Mass Index,Education,Children,Pets,Absenteeism Time in Hours,Month,Year,Day of week
0,11,4,2015-07-07,289,36,33,239.554,30,1,2,1,4,7,2015,1
1,36,4,2015-07-14,118,13,50,239.554,31,1,1,0,0,7,2015,1
2,3,4,2015-07-15,179,51,38,239.554,31,1,0,0,2,7,2015,2
3,7,1,2015-07-16,279,5,39,239.554,24,1,2,0,4,7,2015,3
4,11,4,2015-07-23,289,36,33,239.554,30,1,2,1,2,7,2015,3
5,3,4,2015-07-10,179,51,38,239.554,31,1,0,0,2,7,2015,4
6,10,4,2015-07-17,361,52,28,239.554,27,1,1,4,8,7,2015,4
7,20,4,2015-07-24,260,50,36,239.554,23,1,4,0,4,7,2015,4
8,14,3,2015-07-06,155,12,34,239.554,25,1,2,0,40,7,2015,0
9,1,4,2015-07-13,235,11,37,239.554,29,3,1,1,8,7,2015,0
10,20,1,2015-07-20,260,50,36,239.554,23,1,4,0,8,7,2015,0
11,20,1,2015-07-14,260,50,36,239.554,23,1,4,0,8,7,2015,1
12,20,1,2015-07-15,260,50,36,239.554,23,1,4,0,8,7,2015,2
13,3,1,2015-07-15,179,51,38,239.554,31,1,0,0,1,7,2015,2
14,3,4,2015-07-15,179,51,38,239.554,31,1,0,0,4,7,2015,2
15,24,1,2015-07-17,246,25,41,239.554,23,1,0,0,8,7,2015,4
16,3,4,2015-07-17,179,51,38,239.554,31,1,0,0,2,7,2015,4
17,3,3,2015-07-27,179,51,38,239.554,31,1,0,0,8,7,2015,0
18,6,1,2015-07-30,189,29,33,239.554,25,1,2,2,8,7,2015,3
19,33,4,2015-08-05,248,25,47,205.917,32,1,2,1,2,8,2015,2
20,18,1,2015-08-12,330,16,28,205.917,25,2,0,0,8,8,2015,2
21,3,1,2015-08-03,179,51,38,205.917,31,1,0,0,1,8,2015,0
22,10,1,2015-08-10,361,52,28,205.917,27,1,1,4,40,8,2015,0
23,20,4,2015-08-14,260,50,36,205.917,23,1,4,0,4,8,2015,4
24,11,3,2015-08-17,289,36,33,205.917,30,1,2,1,8,8,2015,0
25,10,4,2015-08-24,361,52,28,205.917,27,1,1,4,7,8,2015,0
26,11,4,2015-08-04,289,36,33,205.917,30,1,2,1,1,8,2015,1
27,30,4,2015-08-12,157,27,29,205.917,22,1,0,0,4,8,2015,2
28,11,3,2015-08-19,289,36,33,205.917,30,1,2,1,8,8,2015,2
29,3,4,2015-08-28,179,51,38,205.917,31,1,0,0,2,8,2015,4
30,3,3,2015-08-17,179,51,38,205.917,31,1,0,0,8,8,2015,0
31,2,3,2015-08-27,235,29,48,205.917,33,1,1,5,8,8,2015,3
32,1,4,2015-08-27,235,11,37,205.917,29,3,1,1,4,8,2015,3
33,2,3,2015-08-17,235,29,48,205.917,33,1,1,5,8,8,2015,0
34,3,4,2015-08-17,179,51,38,205.917,31,1,0,0,2,8,2015,0
35,10,4,2015-08-17,361,52,28,205.917,27,1,1,4,1,8,2015,0
36,11,4,2015-08-04,289,36,33,205.917,30,1,2,1,8,8,2015,1
37,19,1,2015-08-20,291,50,32,205.917,23,1,0,0,4,8,2015,3
38,2,4,2015-08-21,235,29,48,205.917,33,1,1,5,8,8,2015,4
39,20,4,2015-08-28,260,50,36,205.917,23,1,4,0,4,8,2015,4
40,27,4,2015-09-01,184,42,27,241.476,21,1,0,0,2,9,2015,1
41,34,4,2015-09-07,118,10,37,241.476,28,1,0,0,4,9,2015,0
42,3,4,2015-09-01,179,51,38,241.476,31,1,0,0,4,9,2015,1
43,5,3,2015-09-08,235,20,43,241.476,38,1,1,0,8,9,2015,1
44,14,4,2015-09-09,155,12,34,241.476,25,1,2,0,2,9,2015,2
45,34,4,2015-09-13,118,10,37,241.476,28,1,0,0,3,9,2015,6
46,3,4,2015-09-14,179,51,38,241.476,31,1,0,0,3,9,2015,0
47,15,4,2015-09-24,291,31,40,241.476,25,1,1,1,4,9,2015,3
48,20,4,2015-09-04,260,50,36,241.476,23,1,4,0,8,9,2015,4
49,15,1,2015-09-14,291,31,40,241.476,25,1,1,1,32,9,2015,0
50,20,4,2015-09-21,260,50,36,241.476,23,1,4,0,0,9,2015,0
51,29,4,2015-09-28,225,26,28,241.476,24,1,1,2,0,9,2015,0
52,28,4,2015-09-08,225,26,28,241.476,24,1,1,2,2,9,2015,1
53,34,4,2015-09-15,118,10,37,241.476,28,1,0,0,2,9,2015,1
54,11,4,2015-09-22,289,36,33,241.476,30,1,2,1,0,9,2015,1
55,36,4,2015-09-29,118,13,50,241.476,31,1,1,0,0,9,2015,1
56,28,3,2015-09-16,225,26,28,241.476,24,1,1,2,3,9,2015,2
57,3,4,2015-09-23,179,51,38,241.476,31,1,0,0,3,9,2015,2
58,13,4,2015-09-30,369,17,31,241.476,25,1,3,0,0,9,2015,2
59,33,4,2015-09-11,248,25,47,241.476,32,1,2,1,1,9,2015,4
60,3,4,2015-09-18,179,51,38,241.476,31,1,0,0,3,9,2015,4
61,20,4,2015-09-25,260,50,36,241.476,23,1,4,0,4,9,2015,4
62,3,4,2015-10-06,179,51,38,253.465,31,1,0,0,3,10,2015,1
63,34,4,2015-10-13,118,10,37,253.465,28,1,0,0,3,10,2015,1
64,36,4,2015-10-14,118,13,50,253.465,31,1,1,0,0,10,2015,2
65,22,4,2015-10-15,179,26,30,253.465,19,3,0,0,1,10,2015,3
66,3,4,2015-10-16,179,51,38,253.465,31,1,0,0,3,10,2015,4
67,28,4,2015-10-16,225,26,28,253.465,24,1,1,2,3,10,2015,4
68,34,4,2015-10-06,118,10,37,253.465,28,1,0,0,3,10,2015,1
69,28,4,2015-10-14,225,26,28,253.465,24,1,1,2,2,10,2015,2
70,33,4,2015-10-21,248,25,47,253.465,32,1,2,1,2,10,2015,2
71,15,4,2015-10-22,291,31,40,253.465,25,1,1,1,5,10,2015,3
72,3,4,2015-10-21,179,51,38,253.465,31,1,0,0,8,10,2015,2
73,28,4,2015-10-21,225,26,28,253.465,24,1,1,2,3,10,2015,2
74,20,3,2015-10-22,260,50,36,253.465,23,1,4,0,16,10,2015,3
75,15,1,2015-10-13,291,31,40,253.465,25,1,1,1,8,10,2015,1
76,28,4,2015-10-20,225,26,28,253.465,24,1,1,2,2,10,2015,1
77,11,4,2015-10-21,289,36,33,253.465,30,1,2,1,8,10,2015,2
78,10,4,2015-10-23,361,52,28,253.465,27,1,1,4,1,10,2015,4
79,20,4,2015-10-30,260,50,36,253.465,23,1,4,0,3,10,2015,4
80,3,4,2015-11-05,179,51,38,306.345,31,1,0,0,1,11,2015,3
81,28,4,2015-11-04,225,26,28,306.345,24,1,1,2,1,11,2015,2
82,3,1,2015-11-05,179,51,38,306.345,31,1,0,0,8,11,2015,3
83,17,3,2015-11-12,179,22,40,306.345,22,2,2,0,8,11,2015,3
84,15,4,2015-11-19,291,31,40,306.345,25,1,1,1,5,11,2015,3
85,14,1,2015-11-02,155,12,34,306.345,25,1,2,0,32,11,2015,0
86,6,4,2015-11-09,189,29,33,306.345,25,1,2,2,8,11,2015,0
87,15,1,2015-11-16,291,31,40,306.345,25,1,1,1,40,11,2015,0
88,28,4,2015-11-18,225,26,28,306.345,24,1,1,2,1,11,2015,2
89,14,1,2015-11-20,155,12,34,306.345,25,1,2,0,8,11,2015,4
90,28,4,2015-11-18,225,26,28,306.345,24,1,1,2,3,11,2015,2
91,17,3,2015-11-25,179,22,40,306.345,22,2,2,0,8,11,2015,2
92,28,1,2015-11-20,225,26,28,306.345,24,1,1,2,3,11,2015,4
93,20,4,2015-11-27,260,50,36,306.345,23,1,4,0,4,11,2015,4
94,33,4,2015-11-02,248,25,47,306.345,32,1,2,1,1,11,2015,0
95,28,4,2015-11-10,225,26,28,306.345,24,1,1,2,3,11,2015,1
96,11,1,2015-11-11,289,36,33,306.345,30,1,2,1,24,11,2015,2
97,15,4,2015-11-26,291,31,40,306.345,25,1,1,1,3,11,2015,3
98,33,4,2015-12-01,248,25,47,261.306,32,1,2,1,1,12,2015,1
99,36,4,2015-12-02,118,13,50,261.306,31,1,1,0,2,12,2015,2
100,1,4,2015-12-02,235,11,37,261.306,29,3,1,1,8,12,2015,2
101,28,4,2015-12-03,225,26,28,261.306,24,1,1,2,2,12,2015,3
102,20,4,2015-12-04,260,50,36,261.306,23,1,4,0,8,12,2015,4
103,10,4,2015-12-09,361,52,28,261.306,27,1,1,4,8,12,2015,2
104,28,4,2015-12-10,225,26,28,261.306,24,1,1,2,3,12,2015,3
105,20,4,2015-12-11,260,50,36,261.306,23,1,4,0,3,12,2015,4
106,28,4,2015-12-15,225,26,28,261.306,24,1,1,2,2,12,2015,1
107,10,4,2015-12-16,361,52,28,261.306,27,1,1,4,8,12,2015,2
108,34,4,2015-12-11,118,10,37,261.306,28,1,0,0,2,12,2015,4
109,24,3,2015-12-18,246,25,41,261.306,23,1,0,0,8,12,2015,4
110,28,4,2015-12-18,225,26,28,261.306,24,1,1,2,2,12,2015,4
111,28,4,2016-01-06,225,26,28,308.593,24,1,1,2,1,1,2016,2
112,34,3,2016-01-04,118,10,37,308.593,28,1,0,0,1,1,2016,0
113,34,4,2016-01-05,118,10,37,308.593,28,1,0,0,1,1,2016,1
114,14,3,2016-01-05,155,12,34,308.593,25,1,2,0,8,1,2016,1
115,28,4,2016-01-06,225,26,28,308.593,24,1,1,2,2,1,2016,2
116,27,4,2016-01-07,184,42,27,308.593,21,1,0,0,2,1,2016,3
117,28,4,2016-01-07,225,26,28,308.593,24,1,1,2,2,1,2016,3
118,28,4,2016-01-08,225,26,28,308.593,24,1,1,2,1,1,2016,4
119,34,4,2016-01-11,118,10,37,308.593,28,1,0,0,2,1,2016,0
120,28,4,2016-01-12,225,26,28,308.593,24,1,1,2,2,1,2016,1
121,34,4,2016-01-12,118,10,37,308.593,28,1,0,0,2,1,2016,1
122,34,4,2016-01-13,118,10,37,308.593,28,1,0,0,2,1,2016,2
123,34,4,2016-01-14,118,10,37,308.593,28,1,0,0,2,1,2016,3
124,34,4,2016-01-15,118,10,37,308.593,28,1,0,0,2,1,2016,4
125,22,3,2016-01-12,179,26,30,308.593,19,3,0,0,8,1,2016,1
126,11,3,2016-01-12,289,36,33,308.593,30,1,2,1,8,1,2016,1
127,27,4,2016-01-21,184,42,27,308.593,21,1,0,0,2,1,2016,3
128,34,4,2016-01-28,118,10,37,308.593,28,1,0,0,2,1,2016,3
129,34,4,2016-01-25,118,10,37,308.593,28,1,0,0,0,1,2016,0
130,28,4,2016-01-26,225,26,28,308.593,24,1,1,2,1,1,2016,1
131,11,4,2016-01-28,289,36,33,308.593,30,1,2,1,3,1,2016,3
132,27,4,2016-02-05,184,42,27,302.585,21,1,0,0,1,2,2016,4
133,24,1,2016-02-03,246,25,41,302.585,23,1,0,0,8,2,2016,2
134,3,1,2016-02-10,179,51,38,302.585,31,1,0,0,8,2,2016,2
135,14,4,2016-02-11,155,12,34,302.585,25,1,2,0,2,2,2016,3
136,6,4,2016-02-11,189,29,33,302.585,25,1,2,2,8,2,2016,3
137,20,4,2016-02-12,260,50,36,302.585,23,1,4,0,2,2,2016,4
138,11,4,2016-02-12,289,36,33,302.585,30,1,2,1,8,2,2016,4
139,31,1,2016-02-08,388,15,50,302.585,24,1,0,0,8,2,2016,0
140,31,1,2016-02-09,388,15,50,302.585,24,1,0,0,8,2,2016,1
141,28,4,2016-02-15,225,26,28,302.585,24,1,1,2,2,2,2016,0
142,28,4,2016-02-09,225,26,28,302.585,24,1,1,2,2,2,2016,1
143,22,4,2016-02-16,179,26,30,302.585,19,3,0,0,1,2,2016,1
144,27,4,2016-02-23,184,42,27,302.585,21,1,0,0,8,2,2016,1
145,28,4,2016-02-25,225,26,28,302.585,24,1,1,2,3,2,2016,3
146,18,3,2016-02-15,330,16,28,302.585,25,2,0,0,8,2,2016,0
147,18,4,2016-02-16,330,16,28,302.585,25,2,0,0,1,2,2016,1
148,28,4,2016-02-17,225,26,28,302.585,24,1,1,2,1,2,2016,2
149,6,3,2016-02-25,189,29,33,302.585,25,1,2,2,8,2,2016,3
150,19,4,2016-03-01,291,50,32,343.253,23,1,0,0,2,3,2016,1
151,20,3,2016-03-01,260,50,36,343.253,23,1,4,0,8,3,2016,1
152,30,3,2016-03-08,157,27,29,343.253,22,1,0,0,3,3,2016,1
153,17,2,2016-03-15,179,22,40,343.253,22,2,2,0,8,3,2016,1
154,15,4,2016-03-16,291,31,40,343.253,25,1,1,1,8,3,2016,2
155,20,1,2016-03-02,260,50,36,343.253,23,1,4,0,8,3,2016,2
156,22,1,2016-03-03,179,26,30,343.253,19,3,0,0,8,3,2016,3
157,33,1,2016-03-04,248,25,47,343.253,32,1,2,1,3,3,2016,4
158,20,1,2016-03-04,260,50,36,343.253,23,1,4,0,40,3,2016,4
159,17,1,2016-03-07,179,22,40,343.253,22,2,2,0,40,3,2016,0
160,14,1,2016-03-14,155,12,34,343.253,25,1,2,0,16,3,2016,0
161,20,4,2016-03-21,260,50,36,343.253,23,1,4,0,16,3,2016,0
162,14,1,2016-03-22,155,12,34,343.253,25,1,2,0,8,3,2016,1
163,11,1,2016-03-24,289,36,33,343.253,30,1,2,1,8,3,2016,3
164,17,1,2016-03-24,179,22,40,343.253,22,2,2,0,8,3,2016,3
165,20,4,2016-03-25,260,50,36,343.253,23,1,4,0,4,3,2016,4
166,28,4,2016-03-25,225,26,28,343.253,24,1,1,2,1,3,2016,4
167,7,1,2016-03-28,279,5,39,343.253,24,1,2,0,8,3,2016,0
168,3,1,2016-03-29,179,51,38,343.253,31,1,0,0,24,3,2016,1
169,28,4,2016-03-30,225,26,28,343.253,24,1,1,2,2,3,2016,2
170,28,1,2016-03-28,225,26,28,343.253,24,1,1,2,8,3,2016,0
171,22,1,2016-03-28,179,26,30,343.253,19,3,0,0,1,3,2016,0
172,28,1,2016-03-29,225,26,28,343.253,24,1,1,2,8,3,2016,1
173,28,1,2016-03-30,225,26,28,343.253,24,1,1,2,16,3,2016,2
174,3,1,2016-03-30,179,51,38,343.253,31,1,0,0,3,3,2016,2
175,7,1,2016-03-17,279,5,39,343.253,24,1,2,0,16,3,2016,3
176,28,4,2016-03-18,225,26,28,343.253,24,1,1,2,2,3,2016,4
177,33,1,2016-03-25,248,25,47,343.253,32,1,2,1,3,3,2016,4
178,28,4,2016-03-28,225,26,28,343.253,24,1,1,2,1,3,2016,0
179,15,4,2016-04-06,291,31,40,326.452,25,1,1,1,1,4,2016,2
180,28,4,2016-04-13,225,26,28,326.452,24,1,1,2,1,4,2016,2
181,14,4,2016-04-12,155,12,34,326.452,25,1,2,0,1,4,2016,1
182,24,1,2016-04-13,246,25,41,326.452,23,1,0,0,24,4,2016,2
183,14,4,2016-04-14,155,12,34,326.452,25,1,2,0,1,4,2016,3
184,28,4,2016-04-15,225,26,28,326.452,24,1,1,2,2,4,2016,4
185,20,4,2016-04-15,260,50,36,326.452,23,1,4,0,4,4,2016,4
186,3,1,2016-04-06,179,51,38,326.452,31,1,0,0,24,4,2016,2
187,36,4,2016-04-07,118,13,50,326.452,31,1,1,0,1,4,2016,3
188,15,4,2016-04-08,291,31,40,326.452,25,1,1,1,3,4,2016,4
189,24,1,2016-04-08,246,25,41,326.452,23,1,0,0,8,4,2016,4
190,15,4,2016-04-22,291,31,40,326.452,25,1,1,1,1,4,2016,4
191,33,4,2016-04-29,248,25,47,326.452,32,1,2,1,8,4,2016,4
192,11,3,2016-04-26,289,36,33,326.452,30,1,2,1,8,4,2016,1
193,14,1,2016-04-27,155,12,34,326.452,25,1,2,0,24,4,2016,2
194,23,3,2016-04-27,378,49,36,326.452,21,1,2,4,8,4,2016,2
195,11,1,2016-04-28,289,36,33,326.452,30,1,2,1,16,4,2016,3
196,1,1,2016-04-08,235,11,37,326.452,29,3,1,1,3,4,2016,4
197,2,4,2016-04-04,235,29,48,326.452,33,1,1,5,0,4,2016,0
198,11,1,2016-05-04,289,36,33,378.884,30,1,2,1,8,5,2016,2
199,14,4,2016-05-05,155,12,34,378.884,25,1,2,0,2,5,2016,3
200,14,4,2016-05-02,155,12,34,378.884,25,1,2,0,1,5,2016,0
201,3,3,2016-05-03,179,51,38,378.884,31,1,0,0,8,5,2016,1
202,28,3,2016-05-03,225,26,28,378.884,24,1,1,2,8,5,2016,1
203,27,1,2016-05-11,184,42,27,378.884,21,1,0,0,4,5,2016,2
204,14,4,2016-05-09,155,12,34,378.884,25,1,2,0,2,5,2016,0
205,3,1,2016-05-10,179,51,38,378.884,31,1,0,0,1,5,2016,1
206,11,1,2016-05-04,289,36,33,378.884,30,1,2,1,24,5,2016,2
207,7,4,2016-05-11,279,5,39,378.884,24,1,2,0,0,5,2016,2
208,18,4,2016-05-18,330,16,28,378.884,25,2,0,0,0,5,2016,2
209,23,4,2016-05-25,378,49,36,378.884,21,1,2,4,0,5,2016,2
210,31,4,2016-05-25,388,15,50,378.884,24,1,0,0,0,5,2016,2
211,3,1,2016-05-24,179,51,38,378.884,31,1,0,0,1,5,2016,1
212,36,1,2016-05-11,118,13,50,378.884,31,1,1,0,24,5,2016,2
213,10,4,2016-05-27,361,52,28,378.884,27,1,1,4,8,5,2016,4
214,24,3,2016-06-06,246,25,41,377.55,23,1,0,0,8,6,2016,0
215,10,4,2016-06-13,361,52,28,377.55,27,1,1,4,8,6,2016,0
216,24,1,2016-06-14,246,25,41,377.55,23,1,0,0,24,6,2016,1
217,15,4,2016-06-16,291,31,40,377.55,25,1,1,1,4,6,2016,3
218,24,1,2016-06-17,246,25,41,377.55,23,1,0,0,8,6,2016,4
219,3,1,2016-06-13,179,51,38,377.55,31,1,0,0,8,6,2016,0
220,14,4,2016-06-20,155,12,34,377.55,25,1,2,0,4,6,2016,0
221,24,1,2016-06-27,246,25,41,377.55,23,1,0,0,8,6,2016,0
222,36,1,2016-06-29,118,13,50,377.55,31,1,1,0,8,6,2016,2
223,1,1,2016-06-03,235,11,37,377.55,29,3,1,1,16,6,2016,4
224,36,4,2016-06-07,118,13,50,377.55,31,1,1,0,1,6,2016,1
225,23,4,2016-06-09,378,49,36,377.55,21,1,2,4,8,6,2016,3
226,3,1,2016-06-10,179,51,38,377.55,31,1,0,0,2,6,2016,4
227,32,4,2016-06-20,289,48,49,377.55,36,1,0,2,2,6,2016,0
228,28,4,2016-06-30,225,26,28,377.55,24,1,1,2,2,6,2016,3
229,14,3,2016-07-05,155,12,34,275.312,25,1,2,0,16,7,2016,1
230,36,1,2016-07-06,118,13,50,275.312,31,1,1,0,8,7,2016,2
231,34,1,2016-07-08,118,10,37,275.312,28,1,0,0,8,7,2016,4
232,34,4,2016-07-08,118,10,37,275.312,28,1,0,0,4,7,2016,4
233,18,4,2016-07-12,330,16,28,275.312,25,2,0,0,8,7,2016,1
234,22,3,2016-07-14,179,26,30,275.312,19,3,0,0,8,7,2016,3
235,14,4,2016-07-15,155,12,34,275.312,25,1,2,0,2,7,2016,4
236,18,1,2016-07-18,330,16,28,275.312,25,2,0,0,8,7,2016,0
237,18,1,2016-07-19,330,16,28,275.312,25,2,0,0,8,7,2016,1
238,30,4,2016-07-18,157,27,29,275.312,22,1,0,0,3,7,2016,0
239,10,4,2016-07-19,361,52,28,275.312,27,1,1,4,8,7,2016,1
240,11,4,2016-07-20,289,36,33,275.312,30,1,2,1,8,7,2016,2
241,3,4,2016-07-21,179,51,38,275.312,31,1,0,0,8,7,2016,3
242,11,3,2016-07-11,289,36,33,275.312,30,1,2,1,32,7,2016,0
243,11,3,2016-07-14,289,36,33,275.312,30,1,2,1,8,7,2016,3
244,20,4,2016-07-21,260,50,36,275.312,23,1,4,0,0,7,2016,3
245,11,3,2016-08-04,289,36,33,265.615,30,1,2,1,8,8,2016,3
246,30,3,2016-08-11,157,27,29,265.615,22,1,0,0,3,8,2016,3
247,11,4,2016-08-07,289,36,33,265.615,30,1,2,1,1,8,2016,6
248,9,3,2016-08-08,228,14,58,265.615,22,1,2,1,8,8,2016,0
249,26,1,2016-08-10,300,26,43,265.615,25,1,2,1,1,8,2016,2
250,26,1,2016-08-10,300,26,43,265.615,25,1,2,1,2,8,2016,2
251,20,4,2016-08-11,260,50,36,265.615,23,1,4,0,4,8,2016,3
252,11,4,2016-08-08,289,36,33,265.615,30,1,2,1,4,8,2016,0
253,33,4,2016-08-09,248,25,47,265.615,32,1,2,1,1,8,2016,1
254,21,1,2016-08-10,268,11,33,265.615,25,2,0,0,8,8,2016,2
255,22,4,2016-08-10,179,26,30,265.615,19,3,0,0,1,8,2016,2
256,36,1,2016-08-10,118,13,50,265.615,31,1,1,0,3,8,2016,2
257,33,4,2016-08-14,248,25,47,265.615,32,1,2,1,2,8,2016,6
258,1,4,2016-08-15,235,11,37,265.615,29,3,1,1,1,8,2016,0
259,36,4,2016-08-17,118,13,50,265.615,31,1,1,0,1,8,2016,2
260,1,3,2016-08-24,235,11,37,265.615,29,3,1,1,8,8,2016,2
261,10,1,2016-08-08,361,52,28,265.615,27,1,1,4,8,8,2016,0
262,27,1,2016-08-30,184,42,27,265.615,21,1,0,0,8,8,2016,1
263,3,1,2016-09-05,179,51,38,294.217,31,1,0,0,8,9,2016,0
264,3,4,2016-09-09,179,51,38,294.217,31,1,0,0,3,9,2016,4
265,11,3,2016-09-07,289,36,33,294.217,30,1,2,1,24,9,2016,2
266,5,4,2016-09-08,235,20,43,294.217,38,1,1,0,0,9,2016,3
267,24,1,2016-09-12,246,25,41,294.217,23,1,0,0,16,9,2016,0
268,15,4,2016-09-13,291,31,40,294.217,25,1,1,1,3,9,2016,1
269,8,4,2016-09-13,231,35,39,294.217,35,1,2,2,0,9,2016,1
270,19,4,2016-09-13,291,50,32,294.217,23,1,0,0,0,9,2016,1
271,3,1,2016-09-14,179,51,38,294.217,31,1,0,0,8,9,2016,2
272,24,1,2016-09-14,246,25,41,294.217,23,1,0,0,32,9,2016,2
273,3,4,2016-09-15,179,51,38,294.217,31,1,0,0,1,9,2016,3
274,15,4,2016-09-16,291,31,40,294.217,25,1,1,1,4,9,2016,4
275,20,4,2016-09-16,260,50,36,294.217,23,1,4,0,4,9,2016,4
276,5,4,2016-09-14,235,20,43,294.217,38,1,1,0,8,9,2016,2
277,36,4,2016-09-15,118,13,50,294.217,31,1,1,0,1,9,2016,3
278,5,4,2016-09-15,235,20,43,294.217,38,1,1,0,0,9,2016,3
279,15,4,2016-09-16,291,31,40,294.217,25,1,1,1,3,9,2016,4
280,15,1,2016-09-26,291,31,40,294.217,25,1,1,1,40,9,2016,0
281,3,1,2016-09-26,179,51,38,294.217,31,1,0,0,8,9,2016,0
282,11,4,2016-10-05,289,36,33,265.017,30,1,2,1,8,10,2016,2
283,1,4,2016-10-05,235,11,37,265.017,29,3,1,1,4,10,2016,2
284,11,4,2016-10-05,289,36,33,265.017,30,1,2,1,8,10,2016,2
285,11,4,2016-10-06,289,36,33,265.017,30,1,2,1,8,10,2016,3
286,36,4,2016-10-06,118,13,50,265.017,31,1,1,0,0,10,2016,3
287,33,4,2016-10-06,248,25,47,265.017,32,1,2,1,0,10,2016,3
288,22,1,2016-10-12,179,26,30,265.017,19,3,0,0,8,10,2016,2
289,34,1,2016-10-12,118,10,37,265.017,28,1,0,0,3,10,2016,2
290,13,4,2016-10-12,369,17,31,265.017,25,1,3,0,8,10,2016,2
291,3,4,2016-10-14,179,51,38,265.017,31,1,0,0,1,10,2016,4
292,5,4,2016-10-14,235,20,43,265.017,38,1,1,0,0,10,2016,4
293,11,3,2016-10-15,289,36,33,265.017,30,1,2,1,16,10,2016,5
294,20,4,2016-10-16,260,50,36,265.017,23,1,4,0,3,10,2016,6
295,5,4,2016-10-16,235,20,43,265.017,38,1,1,0,0,10,2016,6
296,5,4,2016-10-19,235,20,43,265.017,38,1,1,0,2,10,2016,2
297,36,4,2016-10-20,118,13,50,265.017,31,1,1,0,1,10,2016,3
298,15,4,2016-10-20,291,31,40,265.017,25,1,1,1,4,10,2016,3
299,22,4,2016-10-22,179,26,30,265.017,19,3,0,0,16,10,2016,5
300,36,4,2016-10-22,118,13,50,265.017,31,1,1,0,1,10,2016,5
301,10,1,2016-10-26,361,52,28,265.017,27,1,1,4,8,10,2016,2
302,20,4,2016-10-27,260,50,36,265.017,23,1,4,0,0,10,2016,3
303,15,4,2016-10-27,291,31,40,265.017,25,1,1,1,0,10,2016,3
304,30,4,2016-10-27,157,27,29,265.017,22,1,0,0,0,10,2016,3
305,22,1,2016-10-28,179,26,30,265.017,19,3,0,0,5,10,2016,4
306,22,1,2016-10-28,179,26,30,265.017,19,3,0,0,5,10,2016,4
307,36,4,2016-10-29,118,13,50,265.017,31,1,1,0,1,10,2016,5
308,34,1,2016-11-07,118,10,37,284.031,28,1,0,0,8,11,2016,0
309,33,4,2016-11-07,248,25,47,284.031,32,1,2,1,2,11,2016,0
310,3,1,2016-11-08,179,51,38,284.031,31,1,0,0,8,11,2016,1
311,20,4,2016-11-11,260,50,36,284.031,23,1,4,0,3,11,2016,4
312,15,4,2016-11-14,291,31,40,284.031,25,1,1,1,1,11,2016,0
313,23,1,2016-11-14,378,49,36,284.031,21,1,2,4,8,11,2016,0
314,5,4,2016-11-14,235,20,43,284.031,38,1,1,0,8,11,2016,0
315,18,4,2016-11-15,330,16,28,284.031,25,2,0,0,0,11,2016,1
316,1,3,2016-11-16,235,11,37,284.031,29,3,1,1,1,11,2016,2
317,34,1,2016-11-16,118,10,37,284.031,28,1,0,0,3,11,2016,2
318,1,4,2016-11-17,235,11,37,284.031,29,3,1,1,2,11,2016,3
319,3,4,2016-11-17,179,51,38,284.031,31,1,0,0,3,11,2016,3
320,24,1,2016-11-18,246,25,41,284.031,23,1,0,0,8,11,2016,4
321,15,1,2016-11-18,291,31,40,284.031,25,1,1,1,4,11,2016,4
322,24,1,2016-11-21,246,25,41,284.031,23,1,0,0,8,11,2016,0
323,3,4,2016-11-22,179,51,38,284.031,31,1,0,0,1,11,2016,1
324,20,1,2016-11-23,260,50,36,284.031,23,1,4,0,8,11,2016,2
325,20,2,2016-11-25,260,50,36,284.031,23,1,4,0,8,11,2016,4
326,23,4,2016-11-25,378,49,36,284.031,21,1,2,4,0,11,2016,4
327,7,4,2016-11-29,279,5,39,284.031,24,1,2,0,0,11,2016,1
328,3,4,2016-11-24,179,51,38,284.031,31,1,0,0,1,11,2016,3
329,28,1,2016-12-05,225,26,28,236.629,24,1,1,2,3,12,2016,0
330,3,4,2016-12-05,179,51,38,236.629,31,1,0,0,2,12,2016,0
331,3,4,2016-12-05,179,51,38,236.629,31,1,0,0,1,12,2016,0
332,1,4,2016-12-05,235,11,37,236.629,29,3,1,1,3,12,2016,0
333,36,4,2016-12-06,118,13,50,236.629,31,1,1,0,1,12,2016,1
334,20,4,2016-12-09,260,50,36,236.629,23,1,4,0,4,12,2016,4
335,24,1,2016-12-15,246,25,41,236.629,23,1,0,0,8,12,2016,3
336,3,4,2016-12-15,179,51,38,236.629,31,1,0,0,1,12,2016,3
337,3,4,2016-12-16,179,51,38,236.629,31,1,0,0,1,12,2016,4
338,22,4,2016-12-20,179,26,30,236.629,19,3,0,0,1,12,2016,1
339,34,4,2016-12-20,118,10,37,236.629,28,1,0,0,8,12,2016,1
340,1,4,2016-12-22,235,11,37,236.629,29,3,1,1,2,12,2016,3
341,3,4,2016-12-23,179,51,38,236.629,31,1,0,0,1,12,2016,4
342,5,1,2016-12-20,235,20,43,236.629,38,1,1,0,8,12,2016,1
343,1,1,2016-12-20,235,11,37,236.629,29,3,1,1,4,12,2016,1
344,20,4,2016-12-21,260,50,36,236.629,23,1,4,0,8,12,2016,2
345,30,4,2016-12-19,157,27,29,236.629,22,1,0,0,2,12,2016,0
346,3,4,2016-12-19,179,51,38,236.629,31,1,0,0,3,12,2016,0
347,11,3,2016-12-19,289,36,33,236.629,30,1,2,1,8,12,2016,0
348,28,4,2017-01-04,225,26,28,330.061,24,1,1,2,5,1,2017,2
349,34,3,2017-01-09,118,10,37,330.061,28,1,0,0,32,1,2017,0
350,14,4,2017-01-09,155,12,34,330.061,25,1,2,0,2,1,2017,0
351,1,1,2017-01-03,235,11,37,330.061,29,3,1,1,1,1,2017,1
352,14,4,2017-01-03,155,12,34,330.061,25,1,2,0,4,1,2017,1
353,11,4,2017-01-09,289,36,33,330.061,30,1,2,1,8,1,2017,0
354,15,1,2017-01-11,291,31,40,330.061,25,1,1,1,8,1,2017,2
355,5,4,2017-01-16,235,20,43,330.061,38,1,1,0,8,1,2017,0
356,36,4,2017-01-16,118,13,50,330.061,31,1,1,0,4,1,2017,0
357,3,4,2017-01-25,179,51,38,330.061,31,1,0,0,1,1,2017,2
358,3,4,2017-01-27,179,51,38,330.061,31,1,0,0,1,1,2017,4
359,34,4,2017-02-07,118,10,37,251.818,28,1,0,0,2,2,2017,1
360,3,4,2017-02-01,179,51,38,251.818,31,1,0,0,3,2,2017,2
361,28,1,2017-02-01,225,26,28,251.818,24,1,1,2,1,2,2017,2
362,11,4,2017-02-03,289,36,33,251.818,30,1,2,1,3,2,2017,4
363,20,4,2017-02-10,260,50,36,251.818,23,1,4,0,3,2,2017,4
364,3,4,2017-02-17,179,51,38,251.818,31,1,0,0,3,2,2017,4
365,3,4,2017-02-13,179,51,38,251.818,31,1,0,0,2,2,2017,0
366,3,4,2017-02-15,179,51,38,251.818,31,1,0,0,3,2,2017,2
367,3,1,2017-02-16,179,51,38,251.818,31,1,0,0,8,2,2017,3
368,24,4,2017-02-16,246,25,41,251.818,23,1,0,0,8,2,2017,3
369,3,4,2017-02-17,179,51,38,251.818,31,1,0,0,3,2,2017,4
370,6,4,2017-02-13,189,29,33,251.818,25,1,2,2,8,2,2017,0
371,3,4,2017-02-13,179,51,38,251.818,31,1,0,0,3,2,2017,0
372,24,4,2017-02-21,246,25,41,251.818,23,1,0,0,2,2,2017,1
373,15,4,2017-02-21,291,31,40,251.818,25,1,1,1,2,2,2017,1
374,30,1,2017-02-22,157,27,29,251.818,22,1,0,0,16,2,2017,2
375,3,4,2017-02-22,179,51,38,251.818,31,1,0,0,3,2,2017,2
376,3,4,2017-02-24,179,51,38,251.818,31,1,0,0,3,2,2017,4
377,24,1,2017-02-24,246,25,41,251.818,23,1,0,0,24,2,2017,4
378,34,3,2017-03-07,118,10,37,244.387,28,1,0,0,8,3,2017,1
379,24,3,2017-03-08,246,25,41,244.387,23,1,0,0,16,3,2017,2
380,24,4,2017-03-10,246,25,41,244.387,23,1,0,0,2,3,2017,4
381,20,4,2017-03-10,260,50,36,244.387,23,1,4,0,4,3,2017,4
382,3,4,2017-03-13,179,51,38,244.387,31,1,0,0,2,3,2017,0
383,1,4,2017-03-13,235,11,37,244.387,29,3,1,1,8,3,2017,0
384,17,4,2017-03-14,179,22,40,244.387,22,2,2,0,8,3,2017,1
385,23,4,2017-03-14,378,49,36,244.387,21,1,2,4,8,3,2017,1
386,3,4,2017-03-20,179,51,38,244.387,31,1,0,0,16,3,2017,0
387,10,4,2017-03-22,361,52,28,244.387,27,1,1,4,8,3,2017,2
388,13,4,2017-03-22,369,17,31,244.387,25,1,3,0,0,3,2017,2
389,1,3,2017-03-23,235,11,37,244.387,29,3,1,1,8,3,2017,3
390,36,4,2017-03-24,118,13,50,244.387,31,1,1,0,2,3,2017,4
391,36,1,2017-03-28,118,13,50,244.387,31,1,1,0,3,3,2017,1
392,36,1,2017-03-29,118,13,50,244.387,31,1,1,0,8,3,2017,2
393,1,4,2017-03-30,235,11,37,244.387,29,3,1,1,0,3,2017,3
394,24,4,2017-03-30,246,25,41,244.387,23,1,0,0,0,3,2017,3
395,36,4,2017-03-30,118,13,50,244.387,31,1,1,0,0,3,2017,3
396,3,4,2017-03-31,179,51,38,244.387,31,1,0,0,8,3,2017,4
397,11,4,2017-03-31,289,36,33,244.387,30,1,2,1,8,3,2017,4
398,20,3,2017-03-27,260,50,36,244.387,23,1,4,0,8,3,2017,0
399,24,4,2017-03-28,246,25,41,244.387,23,1,0,0,2,3,2017,1
400,3,4,2017-04-05,179,51,38,239.409,31,1,0,0,4,4,2017,2
401,20,4,2017-04-07,260,50,36,239.409,23,1,4,0,3,4,2017,4
402,18,4,2017-04-07,330,16,28,239.409,25,2,0,0,4,4,2017,4
403,13,4,2017-04-10,369,17,31,239.409,25,1,3,0,4,4,2017,0
404,33,4,2017-04-10,248,25,47,239.409,32,1,2,1,4,4,2017,0
405,18,4,2017-04-12,330,16,28,239.409,25,2,0,0,8,4,2017,2
406,3,4,2017-04-12,179,51,38,239.409,31,1,0,0,8,4,2017,2
407,36,4,2017-04-17,118,13,50,239.409,31,1,1,0,1,4,2017,0
408,26,4,2017-04-28,300,26,43,239.409,25,1,2,1,8,4,2017,4
409,20,4,2017-04-28,260,50,36,239.409,23,1,4,0,4,4,2017,4
410,3,4,2017-04-24,179,51,38,239.409,31,1,0,0,4,4,2017,0
411,34,1,2017-04-26,118,10,37,239.409,28,1,0,0,2,4,2017,2
412,5,1,2017-05-01,235,20,43,246.074,38,1,1,0,16,5,2017,0
413,33,4,2017-05-03,248,25,47,246.074,32,1,2,1,2,5,2017,2
414,13,1,2017-05-08,369,17,31,246.074,25,1,3,0,8,5,2017,0
415,22,4,2017-05-10,179,26,30,246.074,19,3,0,0,3,5,2017,2
416,3,4,2017-05-10,179,51,38,246.074,31,1,0,0,4,5,2017,2
417,10,4,2017-05-11,361,52,28,246.074,27,1,1,4,1,5,2017,3
418,20,4,2017-05-12,260,50,36,246.074,23,1,4,0,3,5,2017,4
419,17,1,2017-05-15,179,22,40,246.074,22,2,2,0,2,5,2017,0
420,17,1,2017-05-15,179,22,40,246.074,22,2,2,0,3,5,2017,0
421,9,3,2017-05-17,228,14,58,246.074,22,1,2,1,8,5,2017,2
422,28,4,2017-05-17,225,26,28,246.074,24,1,1,2,3,5,2017,2
423,18,1,2017-05-19,330,16,28,246.074,25,2,0,0,8,5,2017,4
424,22,4,2017-05-22,179,26,30,246.074,19,3,0,0,2,5,2017,0
425,34,4,2017-05-22,118,10,37,246.074,28,1,0,0,1,5,2017,0
426,1,1,2017-05-29,235,11,37,246.074,29,3,1,1,8,5,2017,0
427,22,4,2017-05-31,179,26,30,246.074,19,3,0,0,3,5,2017,2
428,34,4,2017-06-05,118,10,37,253.957,28,1,0,0,3,6,2017,0
429,3,4,2017-06-05,179,51,38,253.957,31,1,0,0,3,6,2017,0
430,34,4,2017-06-06,118,10,37,253.957,28,1,0,0,2,6,2017,1
431,28,4,2017-06-08,225,26,28,253.957,24,1,1,2,4,6,2017,3
432,20,4,2017-06-09,260,50,36,253.957,23,1,4,0,4,6,2017,4
433,3,4,2017-06-09,179,51,38,253.957,31,1,0,0,0,6,2017,4
434,15,1,2017-06-12,291,31,40,253.957,25,1,1,1,40,6,2017,0
435,3,4,2017-06-12,179,51,38,253.957,31,1,0,0,24,6,2017,0
436,24,4,2017-06-13,246,25,41,253.957,23,1,0,0,3,6,2017,1
437,3,4,2017-06-19,179,51,38,253.957,31,1,0,0,4,6,2017,0
438,5,4,2017-06-20,235,20,43,253.957,38,1,1,0,8,6,2017,1
439,3,4,2017-06-26,179,51,38,253.957,31,1,0,0,2,6,2017,0
440,28,4,2017-06-28,225,26,28,253.957,24,1,1,2,2,6,2017,2
441,36,4,2017-06-28,118,13,50,253.957,31,1,1,0,2,6,2017,2
442,3,1,2017-06-28,179,51,38,253.957,31,1,0,0,8,6,2017,2
443,22,3,2017-06-28,179,26,30,253.957,19,3,0,0,2,6,2017,2
444,24,4,2017-06-30,246,25,41,253.957,23,1,0,0,2,6,2017,4
445,18,1,2017-06-27,330,16,28,253.957,25,2,0,0,1,6,2017,1
446,1,1,2017-06-27,235,11,37,253.957,29,3,1,1,8,6,2017,1
447,22,4,2017-07-06,179,26,30,230.29,19,3,0,0,2,7,2017,3
448,28,4,2017-07-06,225,26,28,230.29,24,1,1,2,4,7,2017,3
449,20,1,2017-07-07,260,50,36,230.29,23,1,4,0,8,7,2017,4
450,21,1,2017-07-10,268,11,33,230.29,25,2,0,0,8,7,2017,0
451,18,4,2017-07-14,330,16,28,230.29,25,2,0,0,8,7,2017,4
452,34,4,2017-07-14,118,10,37,230.29,28,1,0,0,8,7,2017,4
453,20,4,2017-07-17,260,50,36,230.29,23,1,4,0,4,7,2017,0
454,34,4,2017-07-18,118,10,37,230.29,28,1,0,0,8,7,2017,1
455,26,2,2017-07-24,300,26,43,230.29,25,1,2,1,8,7,2017,0
456,2,4,2017-07-24,235,29,48,230.29,33,1,1,5,1,7,2017,0
457,24,4,2017-07-25,246,25,41,230.29,23,1,0,0,2,7,2017,1
458,3,4,2017-07-25,179,51,38,230.29,31,1,0,0,1,7,2017,1
459,36,4,2017-07-28,118,13,50,230.29,31,1,1,0,1,7,2017,4
460,10,4,2017-07-28,361,52,28,230.29,27,1,1,4,8,7,2017,4
461,11,4,2017-07-24,289,36,33,230.29,30,1,2,1,8,7,2017,0
462,5,4,2017-07-24,235,20,43,230.29,38,1,1,0,8,7,2017,0
463,15,4,2017-07-27,291,31,40,230.29,25,1,1,1,1,7,2017,3
464,7,4,2017-07-27,279,5,39,230.29,24,1,2,0,2,7,2017,3
465,3,4,2017-08-03,179,51,38,249.797,31,1,0,0,4,8,2017,3
466,17,4,2017-08-07,179,22,40,249.797,22,2,2,0,1,8,2017,0
467,24,4,2017-08-08,246,25,41,249.797,23,1,0,0,4,8,2017,1
468,34,4,2017-08-08,118,10,37,249.797,28,1,0,0,4,8,2017,1
469,11,4,2017-08-08,289,36,33,249.797,30,1,2,1,8,8,2017,1
470,5,4,2017-08-08,235,20,43,249.797,38,1,1,0,8,8,2017,1
471,15,4,2017-08-10,291,31,40,249.797,25,1,1,1,4,8,2017,3
472,3,4,2017-08-14,179,51,38,249.797,31,1,0,0,4,8,2017,0
473,17,4,2017-08-15,179,22,40,249.797,22,2,2,0,8,8,2017,1
474,18,4,2017-08-17,330,16,28,249.797,25,2,0,0,16,8,2017,3
475,1,4,2017-08-22,235,11,37,249.797,29,3,1,1,4,8,2017,1
476,24,4,2017-08-22,246,25,41,249.797,23,1,0,0,1,8,2017,1
477,34,4,2017-08-22,118,10,37,249.797,28,1,0,0,5,8,2017,1
478,15,4,2017-08-24,291,31,40,249.797,25,1,1,1,2,8,2017,3
479,20,4,2017-08-28,260,50,36,249.797,23,1,4,0,3,8,2017,0
480,24,4,2017-09-05,246,25,41,261.756,23,1,0,0,1,9,2017,1
481,34,4,2017-09-05,118,10,37,261.756,28,1,0,0,3,9,2017,1
482,14,4,2017-09-05,155,12,34,261.756,25,1,2,0,2,9,2017,1
483,15,4,2017-09-07,291,31,40,261.756,25,1,1,1,2,9,2017,3
484,22,4,2017-09-08,179,26,30,261.756,19,3,0,0,8,9,2017,4
485,33,4,2017-09-08,248,25,47,261.756,32,1,2,1,1,9,2017,4
486,3,4,2017-09-11,179,51,38,261.756,31,1,0,0,4,9,2017,0
487,28,4,2017-09-13,225,26,28,261.756,24,1,1,2,1,9,2017,2
488,22,4,2017-09-18,179,26,30,261.756,19,3,0,0,2,9,2017,0
489,13,4,2017-09-19,369,17,31,261.756,25,1,3,0,8,9,2017,1
490,10,4,2017-09-26,361,52,28,261.756,27,1,1,4,8,9,2017,1
491,32,1,2017-10-05,289,48,49,284.853,36,1,0,2,1,10,2017,3
492,25,1,2017-10-05,235,16,32,284.853,25,3,0,0,3,10,2017,3
493,24,4,2017-10-06,246,25,41,284.853,23,1,0,0,8,10,2017,4
494,32,1,2017-10-11,289,48,49,284.853,36,1,0,2,3,10,2017,2
495,15,4,2017-10-11,291,31,40,284.853,25,1,1,1,2,10,2017,2
496,34,4,2017-10-17,118,10,37,284.853,28,1,0,0,2,10,2017,1
497,32,4,2017-10-19,289,48,49,284.853,36,1,0,2,2,10,2017,3
498,15,4,2017-10-20,291,31,40,284.853,25,1,1,1,1,10,2017,4
499,28,4,2017-10-24,225,26,28,284.853,24,1,1,2,2,10,2017,1
500,13,4,2017-10-24,369,17,31,284.853,25,1,3,0,8,10,2017,1
501,13,4,2017-10-24,369,17,31,284.853,25,1,3,0,3,10,2017,1
502,28,4,2017-10-24,225,26,28,284.853,24,1,1,2,4,10,2017,1
503,13,4,2017-10-24,369,17,31,284.853,25,1,3,0,8,10,2017,1
504,3,4,2017-10-25,179,51,38,284.853,31,1,0,0,3,10,2017,2
505,9,1,2017-10-25,228,14,58,284.853,22,1,2,1,1,10,2017,2
506,15,4,2017-10-25,291,31,40,284.853,25,1,1,1,1,10,2017,2
507,13,1,2017-10-26,369,17,31,284.853,25,1,3,0,8,10,2017,3
508,28,1,2017-10-26,225,26,28,284.853,24,1,1,2,1,10,2017,3
509,13,1,2017-10-27,369,17,31,284.853,25,1,3,0,8,10,2017,4
510,28,1,2017-10-27,225,26,28,284.853,24,1,1,2,3,10,2017,4
511,6,4,2017-10-29,189,29,33,284.853,25,1,2,2,8,10,2017,6
512,25,1,2017-10-29,235,16,32,284.853,25,3,0,0,8,10,2017,6
513,33,1,2017-10-29,248,25,47,284.853,32,1,2,1,8,10,2017,6
514,28,4,2017-10-29,225,26,28,284.853,24,1,1,2,0,10,2017,6
515,28,1,2017-10-31,225,26,28,284.853,24,1,1,2,3,10,2017,1
516,3,3,2017-11-07,179,51,38,268.519,31,1,0,0,1,11,2017,1
517,34,4,2017-11-08,118,10,37,268.519,28,1,0,0,3,11,2017,2
518,18,1,2017-11-08,330,16,28,268.519,25,2,0,0,24,11,2017,2
519,3,4,2017-11-10,179,51,38,268.519,31,1,0,0,1,11,2017,4
520,34,1,2017-11-14,118,10,37,268.519,28,1,0,0,8,11,2017,1
521,11,4,2017-11-15,289,36,33,268.519,30,1,2,1,8,11,2017,2
522,25,1,2017-11-17,235,16,32,268.519,25,3,0,0,8,11,2017,4
523,28,4,2017-11-17,225,26,28,268.519,24,1,1,2,4,11,2017,4
524,10,4,2017-11-21,361,52,28,268.519,27,1,1,4,8,11,2017,1
525,15,4,2017-11-22,291,31,40,268.519,25,1,1,1,2,11,2017,2
526,34,1,2017-11-23,118,10,37,268.519,28,1,0,0,2,11,2017,3
527,28,1,2017-11-23,225,26,28,268.519,24,1,1,2,3,11,2017,3
528,3,4,2017-11-27,179,51,38,268.519,31,1,0,0,1,11,2017,0
529,34,4,2017-11-27,118,10,37,268.519,28,1,0,0,8,11,2017,0
530,34,1,2017-11-28,118,10,37,268.519,28,1,0,0,8,11,2017,1
531,28,4,2017-11-28,225,26,28,268.519,24,1,1,2,2,11,2017,1
532,15,4,2017-11-28,291,31,40,268.519,25,1,1,1,0,11,2017,1
533,11,4,2017-11-29,289,36,33,268.519,30,1,2,1,0,11,2017,2
534,33,1,2017-11-30,248,25,47,268.519,32,1,2,1,4,11,2017,3
535,5,4,2017-11-30,235,20,43,268.519,38,1,1,0,0,11,2017,3
536,28,4,2017-11-24,225,26,28,268.519,24,1,1,2,2,11,2017,4
537,13,4,2017-11-24,369,17,31,268.519,25,1,3,0,8,11,2017,4
538,10,4,2017-11-27,361,52,28,268.519,27,1,1,4,2,11,2017,0
539,3,1,2017-12-05,179,51,38,280.549,31,1,0,0,32,12,2017,1
540,15,4,2017-12-06,291,31,40,280.549,25,1,1,1,1,12,2017,2
541,28,4,2017-12-06,225,26,28,280.549,24,1,1,2,3,12,2017,2
542,22,1,2017-12-08,179,26,30,280.549,19,3,0,0,1,12,2017,4
543,28,4,2017-12-08,225,26,28,280.549,24,1,1,2,3,12,2017,4
544,28,4,2017-12-13,225,26,28,280.549,24,1,1,2,3,12,2017,2
545,10,1,2017-12-14,361,52,28,280.549,27,1,1,4,4,12,2017,3
546,17,3,2017-12-15,179,22,40,280.549,22,2,2,0,2,12,2017,4
547,5,4,2017-12-15,235,20,43,280.549,38,1,1,0,8,12,2017,4
548,12,3,2017-12-18,233,51,31,280.549,21,2,1,8,8,12,2017,0
549,22,1,2017-12-19,179,26,30,280.549,19,3,0,0,16,12,2017,1
550,28,4,2017-12-19,225,26,28,280.549,24,1,1,2,2,12,2017,1
551,28,4,2017-12-21,225,26,28,280.549,24,1,1,2,3,12,2017,3
552,28,4,2017-12-18,225,26,28,280.549,24,1,1,2,2,12,2017,0
553,22,1,2018-01-01,179,26,30,313.532,19,3,0,0,24,1,2018,0
554,22,1,2018-01-04,179,26,30,313.532,19,3,0,0,16,1,2018,3
555,17,4,2018-01-04,179,22,40,313.532,22,2,2,0,2,1,2018,3
556,17,4,2018-01-05,179,22,40,313.532,22,2,2,0,2,1,2018,4
557,22,1,2018-01-08,179,26,30,313.532,19,3,0,0,3,1,2018,0
558,17,4,2018-01-10,179,22,40,313.532,22,2,2,0,2,1,2018,2
559,32,1,2018-01-11,289,48,49,313.532,36,1,0,2,8,1,2018,3
560,17,3,2018-01-12,179,22,40,313.532,22,2,2,0,3,1,2018,4
561,22,4,2018-01-15,179,26,30,313.532,19,3,0,0,2,1,2018,0
562,14,3,2018-01-16,155,12,34,313.532,25,1,2,0,8,1,2018,1
563,22,4,2018-01-17,179,26,30,313.532,19,3,0,0,2,1,2018,2
564,3,4,2018-01-17,179,51,38,313.532,31,1,0,0,3,1,2018,2
565,11,1,2018-01-17,289,36,33,313.532,30,1,2,1,8,1,2018,2
566,3,4,2018-01-18,179,51,38,313.532,31,1,0,0,3,1,2018,3
567,3,4,2018-01-26,179,51,38,313.532,31,1,0,0,2,1,2018,4
568,3,1,2018-02-06,179,51,38,264.249,31,1,0,0,8,2,2018,1
569,28,4,2018-02-06,225,26,28,264.249,24,1,1,2,3,2,2018,1
570,33,1,2018-02-07,248,25,47,264.249,32,1,2,1,8,2,2018,2
571,3,4,2018-02-07,179,51,38,264.249,31,1,0,0,2,2,2018,2
572,28,4,2018-02-08,225,26,28,264.249,24,1,1,2,3,2,2018,3
573,3,4,2018-02-08,179,51,38,264.249,31,1,0,0,2,2,2018,3
574,22,4,2018-02-08,179,26,30,264.249,19,3,0,0,2,2,2018,3
575,29,4,2018-02-09,225,15,41,264.249,28,4,2,2,2,2,2018,4
576,3,4,2018-02-09,179,51,38,264.249,31,1,0,0,2,2,2018,4
577,12,3,2018-02-12,233,51,31,264.249,21,2,1,8,2,2,2018,0
578,3,4,2018-02-12,179,51,38,264.249,31,1,0,0,2,2,2018,0
579,28,1,2018-02-13,225,26,28,264.249,24,1,1,2,8,2,2018,1
580,3,4,2018-02-14,179,51,38,264.249,31,1,0,0,3,2,2018,2
581,3,4,2018-02-15,179,51,38,264.249,31,1,0,0,3,2,2018,3
582,28,4,2018-02-15,225,26,28,264.249,24,1,1,2,3,2,2018,3
583,22,1,2018-02-15,179,26,30,264.249,19,3,0,0,2,2,2018,3
584,17,4,2018-02-16,179,22,40,264.249,22,2,2,0,2,2,2018,4
585,3,4,2018-02-16,179,51,38,264.249,31,1,0,0,3,2,2018,4
586,12,1,2018-02-21,233,51,31,264.249,21,2,1,8,3,2,2018,2
587,22,4,2018-02-21,179,26,30,264.249,19,3,0,0,2,2,2018,2
588,3,4,2018-02-21,179,51,38,264.249,31,1,0,0,2,2,2018,2
589,3,1,2018-02-22,179,51,38,264.249,31,1,0,0,8,2,2018,3
590,3,4,2018-02-23,179,51,38,264.249,31,1,0,0,2,2,2018,4
591,14,4,2018-02-26,155,12,34,264.249,25,1,2,0,5,2,2018,0
592,25,4,2018-02-26,235,16,32,264.249,25,3,0,0,3,2,2018,0
593,3,4,2018-02-26,179,51,38,264.249,31,1,0,0,2,2,2018,0
594,28,1,2018-02-26,225,26,28,264.249,24,1,1,2,2,2,2018,0
595,3,4,2018-02-27,179,51,38,264.249,31,1,0,0,2,2,2018,1
596,33,4,2018-02-27,248,25,47,264.249,32,1,2,1,2,2,2018,1
597,28,4,2018-02-27,225,26,28,264.249,24,1,1,2,2,2,2018,1
598,3,4,2018-02-28,179,51,38,264.249,31,1,0,0,2,2,2018,2
599,3,4,2018-02-22,179,51,38,264.249,31,1,0,0,2,2,2018,3
600,25,4,2018-02-23,235,16,32,264.249,25,3,0,0,2,2,2018,4
601,3,4,2018-03-05,179,51,38,222.196,31,1,0,0,2,3,2018,0
602,33,4,2018-03-05,248,25,47,222.196,32,1,2,1,2,3,2018,0
603,9,4,2018-03-06,228,14,58,222.196,22,1,2,1,3,3,2018,1
604,33,4,2018-03-06,248,25,47,222.196,32,1,2,1,3,3,2018,1
605,3,4,2018-03-07,179,51,38,222.196,31,1,0,0,2,3,2018,2
606,28,4,2018-03-08,225,26,28,222.196,24,1,1,2,2,3,2018,3
607,3,4,2018-03-08,179,51,38,222.196,31,1,0,0,3,3,2018,3
608,28,4,2018-03-08,225,26,28,222.196,24,1,1,2,2,3,2018,3
609,22,4,2018-03-09,179,26,30,222.196,19,3,0,0,3,3,2018,4
610,25,4,2018-03-12,235,16,32,222.196,25,3,0,0,3,3,2018,0
611,10,3,2018-03-12,361,52,28,222.196,27,1,1,4,8,3,2018,0
612,3,1,2018-03-13,179,51,38,222.196,31,1,0,0,8,3,2018,1
613,3,4,2018-03-14,179,51,38,222.196,31,1,0,0,2,3,2018,2
614,3,4,2018-03-15,179,51,38,222.196,31,1,0,0,3,3,2018,3
615,22,4,2018-03-16,179,26,30,222.196,19,3,0,0,2,3,2018,4
616,3,1,2018-03-19,179,51,38,222.196,31,1,0,0,4,3,2018,0
617,33,1,2018-03-19,248,25,47,222.196,32,1,2,1,2,3,2018,0
618,3,4,2018-03-19,179,51,38,222.196,31,1,0,0,3,3,2018,0
619,28,1,2018-03-19,225,26,28,222.196,24,1,1,2,8,3,2018,0
620,3,4,2018-03-20,179,51,38,222.196,31,1,0,0,2,3,2018,1
621,11,4,2018-03-21,289,36,33,222.196,30,1,2,1,8,3,2018,2
622,9,4,2018-03-21,228,14,58,222.196,22,1,2,1,2,3,2018,2
623,3,4,2018-03-21,179,51,38,222.196,31,1,0,0,2,3,2018,2
624,33,4,2018-03-22,248,25,47,222.196,32,1,2,1,3,3,2018,3
625,3,4,2018-03-22,179,51,38,222.196,31,1,0,0,3,3,2018,3
626,22,4,2018-03-23,179,26,30,222.196,19,3,0,0,2,3,2018,4
627,3,4,2018-03-23,179,51,38,222.196,31,1,0,0,3,3,2018,4
628,3,4,2018-03-27,179,51,38,222.196,31,1,0,0,3,3,2018,1
629,16,4,2018-03-28,118,15,46,222.196,25,1,2,0,8,3,2018,2
630,14,1,2018-03-28,155,12,34,222.196,25,1,2,0,24,3,2018,2
631,3,4,2018-03-28,179,51,38,222.196,31,1,0,0,3,3,2018,2
632,3,4,2018-03-29,179,51,38,222.196,31,1,0,0,3,3,2018,3
633,22,1,2018-03-26,179,26,30,222.196,19,3,0,0,2,3,2018,0
634,13,4,2018-03-28,369,17,31,222.196,25,1,3,0,8,3,2018,2
635,28,1,2018-04-02,225,26,28,246.288,24,1,1,2,8,4,2018,0
636,34,1,2018-04-02,118,10,37,246.288,28,1,0,0,8,4,2018,0
637,10,3,2018-04-03,361,52,28,246.288,27,1,1,4,8,4,2018,1
638,33,3,2018-04-04,248,25,47,246.288,32,1,2,1,8,4,2018,2
639,6,1,2018-04-05,189,29,33,246.288,25,1,2,2,8,4,2018,3
640,22,4,2018-04-06,179,26,30,246.288,19,3,0,0,2,4,2018,4
641,13,1,2018-04-09,369,17,31,246.288,25,1,3,0,24,4,2018,0
642,17,2,2018-04-10,179,22,40,246.288,22,2,2,0,2,4,2018,1
643,36,4,2018-04-10,118,13,50,246.288,31,1,1,0,3,4,2018,1
644,10,4,2018-04-10,361,52,28,246.288,27,1,1,4,2,4,2018,1
645,34,1,2018-04-11,118,10,37,246.288,28,1,0,0,2,4,2018,2
646,1,4,2018-04-13,235,11,37,246.288,29,3,1,1,8,4,2018,4
647,22,4,2018-04-13,179,26,30,246.288,19,3,0,0,2,4,2018,4
648,28,3,2018-04-16,225,26,28,246.288,24,1,1,2,8,4,2018,0
649,25,2,2018-04-17,235,16,32,246.288,25,3,0,0,3,4,2018,1
650,22,4,2018-04-20,179,26,30,246.288,19,3,0,0,2,4,2018,4
651,14,4,2018-04-24,155,12,34,246.288,25,1,2,0,4,4,2018,1
652,28,3,2018-04-26,225,26,28,246.288,24,1,1,2,8,4,2018,3
653,36,1,2018-04-26,118,13,50,246.288,31,1,1,0,2,4,2018,3
654,22,4,2018-04-27,179,26,30,246.288,19,3,0,0,2,4,2018,4
655,1,4,2018-05-07,235,11,37,237.656,29,3,1,1,8,5,2018,0
656,29,3,2018-05-09,225,15,41,237.656,28,4,2,2,3,5,2018,2
657,25,4,2018-05-09,235,16,32,237.656,25,3,0,0,2,5,2018,2
658,34,1,2018-05-09,118,10,37,237.656,28,1,0,0,3,5,2018,2
659,5,4,2018-05-09,235,20,43,237.656,38,1,1,0,8,5,2018,2
660,22,1,2018-05-10,179,26,30,237.656,19,3,0,0,1,5,2018,3
661,15,4,2018-05-10,291,31,40,237.656,25,1,1,1,2,5,2018,3
662,29,1,2018-05-10,225,15,41,237.656,28,4,2,2,8,5,2018,3
663,29,4,2018-05-11,225,15,41,237.656,28,4,2,2,8,5,2018,4
664,22,4,2018-05-11,179,26,30,237.656,19,3,0,0,2,5,2018,4
665,36,4,2018-05-14,118,13,50,237.656,31,1,1,0,2,5,2018,0
666,36,1,2018-05-15,118,13,50,237.656,31,1,1,0,3,5,2018,1
667,34,4,2018-05-15,118,10,37,237.656,28,1,0,0,1,5,2018,1
668,36,4,2018-05-15,118,13,50,237.656,31,1,1,0,0,5,2018,1
669,22,4,2018-05-16,179,26,30,237.656,19,3,0,0,2,5,2018,2
670,23,4,2018-05-16,378,49,36,237.656,21,1,2,4,0,5,2018,2
671,17,2,2018-05-18,179,22,40,237.656,22,2,2,0,1,5,2018,4
672,25,1,2018-05-21,235,16,32,237.656,25,3,0,0,8,5,2018,0
673,15,4,2018-05-23,291,31,40,237.656,25,1,1,1,8,5,2018,2
674,17,1,2018-05-23,179,22,40,237.656,22,2,2,0,8,5,2018,2
675,28,1,2018-05-23,225,26,28,237.656,24,1,1,2,3,5,2018,2
676,18,1,2018-05-24,330,16,28,237.656,25,2,0,0,8,5,2018,3
677,25,4,2018-05-24,235,16,32,237.656,25,3,0,0,2,5,2018,3
678,15,4,2018-05-31,291,31,40,237.656,25,1,1,1,2,5,2018,3
